Name,SectorAvg,SectorHigh,SectorLow,IndustryAvg,IndustryHigh,IndustryLow
FiveDayReturn,0.2321147,21.10337,-21.35922,-0.5058306,16.30882,-9.68468
OneMonthReturn,1.806998,92.80206,-27.40113,-0.08153012,23.02148,-20.59406
ThreeMonthReturn,24.41959,224.5199,-54.29337,2.993471,224.5199,-28.64769
YTDReturn,20.31683,233.5045,-56.17213,-2.055801,233.5045,-36.85039
OneYearReturn,73.83098,3353.119,-74.4186,34.89795,841.5235,-58.31601
